{
    "npm-serialize-environment": 4.280450000000002,
    "npm-obfuscation": 14.233587999999996,
    "npm-silent-process-execution": 7.180390000000005,
    "shady-links": 16.13358800000001,
    "npm-exec-base64": 8.280400000000018,
    "npm-install-script": 15.233588,
    "npm-steganography": 6.38040000000001,
    "bidirectional-characters": 7.3804000000000105,
    "npm-dll-hijacking": 7.280400000000011,
    "npm-exfiltrate-sensitive-data": 5.280400000000011
}