{
    "npm-serialize-environment": 3.543942999999991,
    "npm-obfuscation": 9.162501999999975,
    "npm-silent-process-execution": 8.443883000000001,
    "shady-links": 11.062501999999977,
    "npm-exec-base64": 8.543892999999999,
    "npm-install-script": 10.16250199999998,
    "npm-steganography": 4.643892999999994,
    "bidirectional-characters": 5.643892999999995,
    "npm-dll-hijacking": 7.543892999999995,
    "npm-exfiltrate-sensitive-data": 4.543892999999995
}